实体ID,实体属性,实体属性值
0,性别,2@int
1,性别,2@int
2,性别,2@int
3,性别,2@int
4,性别,2@int
5,性别,2@int
6,性别,2@int
7,性别,2@int
8,性别,2@int
9,性别,2@int
10,性别,2@int
11,性别,2@int
12,性别,2@int
13,性别,2@int
14,性别,2@int
15,性别,2@int
16,性别,2@int
17,性别,2@int
18,性别,2@int
19,性别,2@int
20,性别,2@int
21,性别,2@int
22,性别,2@int
23,性别,2@int
24,性别,2@int
25,性别,2@int
26,性别,2@int
27,性别,2@int
28,性别,2@int
29,性别,2@int
30,性别,2@int
31,性别,2@int
32,性别,2@int
33,性别,2@int
34,性别,2@int
35,性别,2@int
36,性别,2@int
37,性别,2@int
38,性别,2@int
39,性别,2@int
40,性别,2@int
41,性别,1@int
42,性别,2@int
43,性别,1@int
44,性别,1@int
45,性别,2@int
46,性别,2@int
47,性别,1@int
48,性别,1@int
49,性别,2@int
50,性别,1@int
51,性别,2@int
52,性别,2@int
53,性别,1@int
54,性别,1@int
55,性别,1@int
56,性别,1@int
57,性别,1@int
58,性别,2@int
59,性别,2@int
60,性别,1@int
61,性别,2@int
62,性别,1@int
63,性别,1@int
64,性别,1@int
65,性别,1@int
66,性别,2@int
67,性别,2@int
68,性别,1@int
69,性别,1@int
70,性别,2@int
71,性别,1@int
72,性别,1@int
73,性别,1@int
74,性别,1@int
75,性别,1@int
76,性别,1@int
77,性别,2@int
78,性别,2@int
79,性别,2@int
80,性别,1@int
81,性别,1@int
82,性别,1@int
83,性别,2@int
84,性别,2@int
85,性别,1@int
86,性别,2@int
87,性别,1@int
88,性别,2@int
89,性别,1@int
90,性别,1@int
91,性别,2@int
92,性别,1@int
93,性别,2@int
94,性别,1@int
95,性别,1@int
96,性别,1@int
97,性别,2@int
98,性别,1@int
99,性别,1@int
100,性别,2@int
101,性别,1@int
102,性别,1@int
103,性别,1@int
104,性别,1@int
105,性别,1@int
106,性别,1@int
107,性别,2@int
108,性别,2@int
109,性别,2@int
110,性别,1@int
111,性别,2@int
112,性别,1@int
113,性别,1@int
114,性别,2@int
115,性别,2@int
116,性别,2@int
117,性别,1@int
118,性别,1@int
119,性别,1@int
120,性别,2@int
121,性别,1@int
122,性别,2@int
123,性别,2@int
124,性别,1@int
125,性别,2@int
126,性别,1@int
127,性别,1@int
128,性别,1@int
129,性别,1@int
130,性别,2@int
131,性别,1@int
132,性别,1@int
133,性别,1@int
134,性别,1@int
135,性别,1@int
136,性别,1@int
137,性别,1@int
138,性别,1@int
139,性别,1@int
140,性别,2@int
141,性别,1@int
142,性别,1@int
143,性别,1@int
144,性别,1@int
145,性别,2@int
146,性别,1@int
147,性别,1@int
148,性别,2@int
149,性别,2@int
150,性别,2@int
151,性别,2@int
152,性别,1@int
153,性别,2@int
154,性别,2@int
155,性别,1@int
156,性别,1@int
157,性别,1@int
158,性别,2@int
159,性别,1@int
160,性别,1@int
161,性别,1@int
162,性别,2@int
163,性别,2@int
164,性别,1@int
165,性别,2@int
166,性别,2@int
167,性别,2@int
168,性别,1@int
169,性别,2@int
170,性别,1@int
171,性别,1@int
172,性别,1@int
173,性别,2@int
174,性别,1@int
175,性别,2@int
176,性别,2@int
177,性别,1@int
178,性别,2@int
179,性别,1@int
180,性别,2@int
181,性别,2@int
182,性别,2@int
183,性别,1@int
184,性别,1@int
185,性别,1@int
186,性别,2@int
187,性别,1@int
188,性别,2@int
189,性别,1@int
190,性别,2@int
191,性别,2@int
192,性别,1@int
193,性别,1@int
194,性别,1@int
195,性别,2@int
196,性别,1@int
197,性别,2@int
198,性别,1@int
199,性别,1@int
200,性别,2@int
201,性别,1@int
202,性别,1@int
203,性别,2@int
204,性别,1@int
205,性别,1@int
206,性别,2@int
207,性别,2@int
208,性别,1@int
209,性别,1@int
210,性别,2@int
211,性别,2@int
212,性别,1@int
213,性别,1@int
214,性别,1@int
215,性别,1@int
216,性别,1@int
217,性别,2@int
218,性别,1@int
219,性别,1@int
220,性别,1@int
221,性别,2@int
222,性别,2@int
223,性别,2@int
224,性别,2@int
225,性别,1@int
226,性别,2@int
227,性别,1@int
228,性别,1@int
229,性别,1@int
230,性别,1@int
231,性别,2@int
232,性别,1@int
233,性别,1@int
234,性别,1@int
235,性别,1@int
236,性别,1@int
237,性别,2@int
238,性别,1@int
239,性别,2@int
240,性别,2@int
241,性别,1@int
242,性别,1@int
243,性别,2@int
244,性别,2@int
245,性别,1@int
246,性别,1@int
247,性别,2@int
248,性别,2@int
249,性别,2@int
250,性别,1@int
251,性别,1@int
252,性别,2@int
253,性别,1@int
254,性别,2@int
255,性别,1@int
256,性别,2@int
257,性别,1@int
258,性别,1@int
259,性别,1@int
260,性别,1@int
261,性别,2@int
262,性别,2@int
263,性别,1@int
264,性别,1@int
265,性别,1@int
266,性别,1@int
267,性别,2@int
268,性别,2@int
269,性别,1@int
270,性别,2@int
271,性别,1@int
272,性别,1@int
273,性别,1@int
274,性别,1@int
275,性别,1@int
276,性别,1@int
277,性别,1@int
278,性别,2@int
279,性别,1@int
280,性别,2@int
281,性别,2@int
282,性别,2@int
283,性别,2@int
284,性别,1@int
285,性别,2@int
286,性别,2@int
287,性别,2@int
288,性别,1@int
289,性别,1@int
290,性别,2@int
291,性别,1@int
292,性别,2@int
293,性别,1@int
294,性别,2@int
295,性别,1@int
296,性别,2@int
297,性别,1@int
298,性别,2@int
299,性别,2@int
300,性别,2@int
301,性别,1@int
302,性别,1@int
303,性别,2@int
304,性别,2@int
305,性别,1@int
306,性别,2@int
307,性别,1@int
308,性别,1@int
309,性别,2@int
310,性别,1@int
311,性别,2@int
312,性别,1@int
313,性别,1@int
314,性别,2@int
315,性别,1@int
316,性别,2@int
317,性别,2@int
318,性别,1@int
319,性别,2@int
320,性别,1@int
321,性别,2@int
322,性别,2@int
323,性别,1@int
324,性别,1@int
325,性别,2@int
326,性别,1@int
327,性别,2@int
328,性别,2@int
329,性别,1@int
330,性别,2@int
331,性别,1@int
332,性别,1@int
333,性别,2@int
334,性别,2@int
335,性别,1@int
336,性别,1@int
337,性别,2@int
338,性别,1@int
339,性别,1@int
340,性别,1@int
341,性别,2@int
342,性别,2@int
343,性别,1@int
344,性别,1@int
345,性别,2@int
346,性别,2@int
347,性别,1@int
348,性别,1@int
349,性别,1@int
350,性别,1@int
351,性别,1@int
352,性别,2@int
353,性别,2@int
354,性别,1@int
355,性别,1@int
356,性别,1@int
357,性别,1@int
358,性别,2@int
359,性别,2@int
360,性别,1@int
361,性别,1@int
362,性别,1@int
363,性别,1@int
364,性别,1@int
365,性别,2@int
366,性别,1@int
367,性别,2@int
368,性别,1@int
369,性别,1@int
370,性别,2@int
371,性别,2@int
372,性别,2@int
373,性别,1@int
374,性别,1@int
375,性别,1@int
376,性别,2@int
377,性别,1@int
378,性别,1@int
379,性别,1@int
380,性别,2@int
381,性别,2@int
382,性别,1@int
383,性别,1@int
384,性别,2@int
385,性别,2@int
386,性别,1@int
387,性别,1@int
388,性别,1@int
389,性别,2@int
390,性别,1@int
391,性别,1@int
392,性别,2@int
393,性别,1@int
394,性别,1@int
395,性别,2@int
396,性别,1@int
397,性别,1@int
398,性别,2@int
399,性别,2@int
400,性别,2@int
401,性别,2@int
402,性别,2@int
403,性别,2@int
404,性别,2@int
405,性别,1@int
406,性别,1@int
407,性别,1@int
408,性别,2@int
409,性别,1@int
410,性别,2@int
411,性别,2@int
412,性别,1@int
413,性别,1@int
414,性别,2@int
415,性别,1@int
416,性别,2@int
417,性别,1@int
418,性别,2@int
419,性别,1@int
420,性别,1@int
421,性别,2@int
422,性别,1@int
423,性别,1@int
424,性别,2@int
425,性别,1@int
426,性别,2@int
427,性别,1@int
428,性别,2@int
429,性别,1@int
430,性别,1@int
431,性别,1@int
432,性别,2@int
433,性别,1@int
434,性别,1@int
435,性别,2@int
436,性别,1@int
437,性别,1@int
438,性别,2@int
439,性别,2@int
440,性别,1@int
441,性别,2@int
442,性别,1@int
443,性别,2@int
444,性别,1@int
445,性别,1@int
446,性别,1@int
447,性别,1@int
448,性别,2@int
449,性别,1@int
450,性别,1@int
451,性别,1@int
452,性别,1@int
453,性别,1@int
454,性别,1@int
455,性别,1@int
456,性别,2@int
457,性别,1@int
458,性别,1@int
459,性别,1@int
460,性别,1@int
461,性别,1@int
462,性别,1@int
463,性别,1@int
464,性别,2@int
465,性别,1@int
466,性别,2@int
467,性别,2@int
468,性别,1@int
469,性别,1@int
470,性别,1@int
471,性别,2@int
472,性别,1@int
473,性别,1@int
474,性别,2@int
475,性别,1@int
476,性别,1@int
477,性别,1@int
478,性别,1@int
479,性别,2@int
480,性别,1@int
481,性别,2@int
482,性别,2@int
483,性别,2@int
484,性别,2@int
485,性别,1@int
486,性别,1@int
487,性别,1@int
488,性别,1@int
489,性别,1@int
490,性别,1@int
491,性别,1@int
492,性别,2@int
493,性别,2@int
494,性别,1@int
495,性别,2@int
496,性别,2@int
497,性别,2@int
498,性别,1@int
499,性别,1@int
500,性别,2@int
501,性别,2@int
502,性别,2@int
503,性别,2@int
504,性别,1@int
505,性别,1@int
506,性别,1@int
507,性别,1@int
508,性别,2@int
509,性别,2@int
510,性别,2@int
511,性别,1@int
512,性别,2@int
513,性别,1@int
514,性别,1@int
515,性别,1@int
516,性别,1@int
517,性别,1@int
518,性别,1@int
519,性别,2@int
520,性别,1@int
521,性别,1@int
522,性别,1@int
523,性别,2@int
524,性别,1@int
525,性别,1@int
526,性别,1@int
527,性别,1@int
528,性别,2@int
529,性别,2@int
530,性别,1@int
531,性别,1@int
532,性别,1@int
533,性别,1@int
534,性别,1@int
535,性别,1@int
536,性别,2@int
537,性别,1@int
538,性别,1@int
539,性别,2@int
540,性别,1@int
541,性别,1@int
542,性别,2@int
543,性别,2@int
544,性别,1@int
545,性别,2@int
546,性别,1@int
547,性别,2@int
548,性别,2@int
549,性别,1@int
550,性别,1@int
551,性别,2@int
552,性别,1@int
553,性别,1@int
554,性别,1@int
555,性别,1@int
556,性别,1@int
557,性别,1@int
558,性别,2@int
559,性别,2@int
560,性别,2@int
561,性别,2@int
562,性别,2@int
563,性别,1@int
564,性别,1@int
565,性别,1@int
566,性别,1@int
567,性别,2@int
568,性别,1@int
569,性别,1@int
570,性别,2@int
571,性别,1@int
572,性别,1@int
573,性别,1@int
574,性别,1@int
575,性别,2@int
576,性别,1@int
577,性别,1@int
578,性别,1@int
579,性别,2@int
580,性别,2@int
581,性别,2@int
582,性别,1@int
583,性别,1@int
584,性别,1@int
585,性别,1@int
586,性别,1@int
587,性别,1@int
588,性别,2@int
589,性别,1@int
590,性别,1@int
591,性别,2@int
592,性别,1@int
593,性别,1@int
594,性别,1@int
595,性别,2@int
596,性别,1@int
597,性别,2@int
598,性别,1@int
599,性别,2@int
600,性别,1@int
601,性别,1@int
602,性别,2@int
603,性别,2@int
604,性别,2@int
605,性别,2@int
606,性别,1@int
607,性别,1@int
608,性别,2@int
609,性别,1@int
610,性别,2@int
611,性别,2@int
612,性别,2@int
613,性别,2@int
614,性别,1@int
615,性别,2@int
616,性别,1@int
617,性别,1@int
618,性别,1@int
619,性别,2@int
620,性别,1@int
621,性别,2@int
622,性别,2@int
623,性别,1@int
624,性别,1@int
625,性别,2@int
626,性别,1@int
627,性别,2@int
628,性别,1@int
629,性别,1@int
630,性别,1@int
631,性别,1@int
632,性别,1@int
633,性别,2@int
634,性别,1@int
635,性别,1@int
636,性别,1@int
637,性别,2@int
638,性别,1@int
639,性别,2@int
640,性别,1@int
641,性别,1@int
642,性别,1@int
643,性别,1@int
644,性别,1@int
645,性别,2@int
646,性别,1@int
647,性别,1@int
648,性别,1@int
649,性别,2@int
650,性别,2@int
651,性别,2@int
652,性别,2@int
653,性别,1@int
654,性别,1@int
655,性别,2@int
656,性别,2@int
657,性别,1@int
658,性别,2@int
659,性别,1@int
660,性别,1@int
661,性别,1@int
662,性别,2@int
663,性别,2@int
664,性别,2@int
665,性别,2@int
666,性别,2@int
667,性别,1@int
668,性别,1@int
669,性别,1@int
670,性别,1@int
671,性别,2@int
672,性别,1@int
673,性别,2@int
674,性别,1@int
675,性别,2@int
676,性别,2@int
677,性别,2@int
678,性别,1@int
679,性别,2@int
680,性别,2@int
681,性别,2@int
682,性别,2@int
683,性别,2@int
684,性别,1@int
685,性别,1@int
686,性别,2@int
687,性别,1@int
688,性别,1@int
689,性别,2@int
690,性别,2@int
691,性别,2@int
692,性别,1@int
693,性别,1@int
694,性别,1@int
695,性别,2@int
696,性别,2@int
697,性别,2@int
698,性别,2@int
699,性别,1@int
700,性别,1@int
701,性别,1@int
702,性别,1@int
703,性别,1@int
704,性别,1@int
705,性别,1@int
706,性别,2@int
707,性别,2@int
708,性别,2@int
709,性别,2@int
710,性别,2@int
711,性别,2@int
712,性别,2@int
713,性别,1@int
714,性别,1@int
715,性别,2@int
716,性别,2@int
717,性别,2@int
718,性别,1@int
719,性别,2@int
720,性别,1@int
721,性别,2@int
722,性别,1@int
723,性别,1@int
724,性别,1@int
725,性别,2@int
726,性别,1@int
727,性别,2@int
728,性别,1@int
729,性别,2@int
730,性别,2@int
731,性别,1@int
732,性别,2@int
733,性别,1@int
734,性别,2@int
735,性别,1@int
736,性别,1@int
737,性别,1@int
738,性别,2@int
739,性别,1@int
740,性别,2@int
741,性别,1@int
742,性别,1@int
743,性别,1@int
744,性别,2@int
745,性别,1@int
746,性别,2@int
747,性别,2@int
748,性别,2@int
749,性别,2@int
750,性别,1@int
751,性别,1@int
752,性别,2@int
753,性别,2@int
754,性别,1@int
755,性别,2@int
756,性别,2@int
757,性别,1@int
758,性别,1@int
759,性别,1@int
760,性别,2@int
761,性别,2@int
762,性别,1@int
763,性别,2@int
764,性别,2@int
765,性别,1@int
766,性别,1@int
767,性别,1@int
768,性别,1@int
769,性别,2@int
770,性别,2@int
771,性别,2@int
772,性别,1@int
773,性别,1@int
774,性别,2@int
775,性别,1@int
776,性别,2@int
777,性别,1@int
778,性别,1@int
779,性别,1@int
780,性别,1@int
781,性别,1@int
782,性别,1@int
783,性别,1@int
784,性别,2@int
785,性别,1@int
786,性别,2@int
787,性别,1@int
788,性别,1@int
789,性别,1@int
790,性别,1@int
791,性别,1@int
792,性别,1@int
793,性别,1@int
794,性别,1@int
795,性别,1@int
796,性别,2@int
797,性别,2@int
798,性别,1@int
799,性别,2@int
800,性别,1@int
801,性别,1@int
802,性别,1@int
803,性别,2@int
804,性别,2@int
805,性别,1@int
806,性别,1@int
807,性别,1@int
808,性别,1@int
809,性别,2@int
810,性别,2@int
811,性别,2@int
812,性别,1@int
813,性别,1@int
814,性别,2@int
815,性别,2@int
816,性别,2@int
817,性别,1@int
818,性别,1@int
819,性别,1@int
820,性别,1@int
821,性别,2@int
822,性别,2@int
823,性别,2@int
824,性别,2@int
825,性别,2@int
826,性别,2@int
827,性别,2@int
828,性别,1@int
829,性别,2@int
830,性别,1@int
831,性别,1@int
832,性别,1@int
833,性别,1@int
834,性别,2@int
835,性别,2@int
836,性别,1@int
837,性别,1@int
838,性别,2@int
839,性别,1@int
840,性别,1@int
841,性别,2@int
842,性别,1@int
843,性别,2@int
844,性别,2@int
845,性别,1@int
846,性别,1@int
847,性别,2@int
848,性别,1@int
849,性别,1@int
850,性别,1@int
851,性别,1@int
852,性别,2@int
853,性别,1@int
854,性别,2@int
855,性别,1@int
856,性别,1@int
857,性别,1@int
858,性别,1@int
859,性别,2@int
860,性别,1@int
861,性别,2@int
862,性别,1@int
863,性别,2@int
864,性别,1@int
865,性别,1@int
866,性别,2@int
867,性别,2@int
868,性别,1@int
869,性别,2@int
870,性别,2@int
871,性别,2@int
872,性别,1@int
873,性别,2@int
874,性别,2@int
875,性别,1@int
876,性别,2@int
877,性别,2@int
878,性别,1@int
879,性别,1@int
880,性别,1@int
881,性别,1@int
882,性别,2@int
883,性别,1@int
884,性别,2@int
885,性别,2@int
886,性别,1@int
887,性别,2@int
888,性别,2@int
889,性别,2@int
890,性别,2@int
891,性别,1@int
892,性别,1@int
893,性别,1@int
894,性别,2@int
895,性别,2@int
896,性别,1@int
897,性别,1@int
898,性别,1@int
899,性别,1@int
900,性别,1@int
901,性别,1@int
902,性别,2@int
903,性别,2@int
904,性别,1@int
905,性别,2@int
906,性别,1@int
907,性别,1@int
908,性别,1@int
909,性别,1@int
910,性别,2@int
911,性别,1@int
912,性别,2@int
913,性别,2@int
914,性别,2@int
915,性别,2@int
916,性别,2@int
917,性别,2@int
918,性别,1@int
919,性别,1@int
920,性别,2@int
921,性别,2@int
922,性别,2@int
923,性别,1@int
924,性别,1@int
925,性别,1@int
926,性别,2@int
927,性别,1@int
928,性别,2@int
929,性别,1@int
930,性别,1@int
931,性别,1@int
932,性别,1@int
933,性别,1@int
934,性别,1@int
935,性别,1@int
936,性别,2@int
937,性别,1@int
938,性别,1@int
939,性别,2@int
940,性别,1@int
941,性别,2@int
942,性别,2@int
943,性别,2@int
944,性别,2@int
945,性别,1@int
946,性别,2@int
947,性别,1@int
948,性别,1@int
949,性别,1@int
950,性别,1@int
951,性别,1@int
952,性别,2@int
953,性别,2@int
954,性别,1@int
955,性别,2@int
956,性别,1@int
957,性别,1@int
958,性别,2@int
959,性别,1@int
960,性别,2@int
961,性别,1@int
962,性别,1@int
963,性别,2@int
964,性别,1@int
965,性别,2@int
966,性别,1@int
967,性别,1@int
968,性别,1@int
969,性别,2@int
970,性别,1@int
971,性别,1@int
972,性别,2@int
973,性别,1@int
974,性别,1@int
975,性别,1@int
976,性别,1@int
977,性别,1@int
978,性别,2@int
979,性别,1@int
980,性别,1@int
981,性别,2@int
982,性别,1@int
983,性别,2@int
984,性别,1@int
985,性别,2@int
986,性别,1@int
987,性别,1@int
988,性别,1@int
989,性别,1@int
990,性别,1@int
991,性别,1@int
992,性别,1@int
993,性别,1@int
994,性别,1@int
995,性别,2@int
996,性别,1@int
997,性别,1@int
998,性别,1@int
999,性别,1@int
1000,性别,1@int
1001,性别,1@int
1002,性别,1@int
1003,性别,2@int
1004,性别,1@int
1005,性别,2@int
1006,性别,2@int
1007,性别,1@int
1008,性别,1@int
1009,性别,2@int
1010,性别,2@int
1011,性别,2@int
1012,性别,1@int
1013,性别,2@int
1014,性别,2@int
1015,性别,1@int
1016,性别,1@int
1017,性别,2@int
1018,性别,2@int
1019,性别,1@int
1020,性别,2@int
1021,性别,1@int
1022,性别,2@int
1023,性别,2@int
1024,性别,1@int
1025,性别,2@int
1026,性别,2@int
1027,性别,1@int
1028,性别,2@int
1029,性别,1@int
1030,性别,1@int
1031,性别,2@int
1032,性别,1@int
1033,性别,1@int
1034,性别,1@int
1035,性别,1@int
1036,性别,1@int
1037,性别,1@int
1038,性别,2@int
1039,性别,2@int
1040,性别,1@int
1041,性别,1@int
1042,性别,1@int
1043,性别,1@int
1044,性别,2@int
1045,性别,1@int
1046,性别,1@int
1047,性别,2@int
1048,性别,1@int
1049,性别,1@int
1050,性别,2@int
1051,性别,1@int
1052,性别,1@int
1053,性别,2@int
1054,性别,1@int
1055,性别,2@int
1056,性别,1@int
1057,性别,1@int
1058,性别,1@int
1059,性别,1@int
1060,性别,2@int
1061,性别,2@int
1062,性别,2@int
1063,性别,1@int
1064,性别,2@int
1065,性别,1@int
1066,性别,1@int
1067,性别,2@int
1068,性别,2@int
1069,性别,1@int
1070,性别,1@int
1071,性别,1@int
1072,性别,1@int
1073,性别,2@int
1074,性别,1@int
1075,性别,2@int
1076,性别,1@int
1077,性别,2@int
1078,性别,2@int
1079,性别,1@int
1080,性别,2@int
1081,性别,1@int
1082,性别,1@int
1083,性别,1@int
1084,性别,1@int
1085,性别,1@int
1086,性别,2@int
1087,性别,1@int
1088,性别,2@int
1089,性别,2@int
1090,性别,1@int
1091,性别,2@int
1092,性别,2@int
1093,性别,1@int
1094,性别,1@int
1095,性别,1@int
1096,性别,2@int
1097,性别,1@int
1098,性别,2@int
1099,性别,1@int
1100,性别,2@int
1101,性别,1@int
1102,性别,2@int
1103,性别,2@int
1104,性别,1@int
1105,性别,2@int
1106,性别,1@int
1107,性别,1@int
1108,性别,1@int
1109,性别,2@int
1110,性别,2@int
1111,性别,1@int
1112,性别,2@int
1113,性别,1@int
1114,性别,1@int
1115,性别,1@int
1116,性别,1@int
1117,性别,1@int
1118,性别,2@int
1119,性别,1@int
1120,性别,2@int
1121,性别,2@int
1122,性别,2@int
1123,性别,1@int
1124,性别,2@int
1125,性别,2@int
1126,性别,1@int
1127,性别,1@int
1128,性别,1@int
1129,性别,2@int
1130,性别,1@int
1131,性别,1@int
1132,性别,1@int
1133,性别,1@int
1134,性别,2@int
1135,性别,1@int
1136,性别,1@int
1137,性别,1@int
1138,性别,1@int
1139,性别,1@int
1140,性别,2@int
1141,性别,1@int
1142,性别,2@int
1143,性别,1@int
1144,性别,1@int
1145,性别,2@int
1146,性别,1@int
1147,性别,1@int
1148,性别,2@int
1149,性别,1@int
1150,性别,2@int
1151,性别,2@int
1152,性别,1@int
1153,性别,1@int
1154,性别,2@int
1155,性别,2@int
1156,性别,2@int
1157,性别,2@int
1158,性别,1@int
1159,性别,1@int
1160,性别,1@int
1161,性别,1@int
1162,性别,1@int
1163,性别,1@int
1164,性别,1@int
1165,性别,1@int
1166,性别,1@int
1167,性别,1@int
1168,性别,2@int
1169,性别,2@int
1170,性别,2@int
1171,性别,1@int
1172,性别,1@int
1173,性别,1@int
1174,性别,1@int
1175,性别,1@int
1176,性别,1@int
1177,性别,2@int
1178,性别,2@int
1179,性别,2@int
1180,性别,1@int
1181,性别,2@int
1182,性别,2@int
1183,性别,2@int
1184,性别,1@int
1185,性别,1@int
1186,性别,2@int
1187,性别,2@int
1188,性别,1@int
1189,性别,1@int
1190,性别,2@int
1191,性别,2@int
1192,性别,1@int
1193,性别,1@int
1194,性别,1@int
1195,性别,2@int
1196,性别,2@int
1197,性别,1@int
1198,性别,2@int
1199,性别,2@int
1200,性别,1@int
1201,性别,1@int
1202,性别,2@int
1203,性别,2@int
1204,性别,1@int
1205,性别,1@int
1206,性别,2@int
1207,性别,2@int
1208,性别,1@int
1209,性别,2@int
1210,性别,1@int
1211,性别,1@int
1212,性别,2@int
1213,性别,2@int
1214,性别,2@int
1215,性别,2@int
1216,性别,1@int
1217,性别,1@int
1218,性别,2@int
1219,性别,1@int
1220,性别,2@int
1221,性别,1@int
1222,性别,2@int
1223,性别,1@int
1224,性别,1@int
1225,性别,2@int
1226,性别,1@int
1227,性别,1@int
1228,性别,1@int
1229,性别,1@int
1230,性别,2@int
1231,性别,2@int
1232,性别,2@int
1233,性别,1@int
1234,性别,2@int
1235,性别,2@int
1236,性别,1@int
1237,性别,1@int
1238,性别,1@int
1239,性别,1@int
1240,性别,2@int
1241,性别,1@int
1242,性别,1@int
1243,性别,1@int
1244,性别,1@int
1245,性别,2@int
1246,性别,1@int
1247,性别,1@int
1248,性别,2@int
1249,性别,2@int
1250,性别,1@int
1251,性别,1@int
1252,性别,1@int
1253,性别,1@int
1254,性别,1@int
1255,性别,2@int
1256,性别,1@int
1257,性别,1@int
1258,性别,2@int
1259,性别,2@int
1260,性别,1@int
1261,性别,2@int
1262,性别,1@int
1263,性别,1@int
1264,性别,1@int
1265,性别,1@int
1266,性别,2@int
1267,性别,1@int
1268,性别,2@int
1269,性别,2@int
1270,性别,2@int
1271,性别,1@int
1272,性别,2@int
1273,性别,1@int
1274,性别,1@int
1275,性别,2@int
1276,性别,1@int
1277,性别,1@int
1278,性别,2@int
1279,性别,1@int
1280,性别,2@int
1281,性别,2@int
1282,性别,1@int
1283,性别,1@int
1284,性别,1@int
1285,性别,1@int
1286,性别,2@int
1287,性别,1@int
1288,性别,2@int
1289,性别,1@int
1290,性别,1@int
1291,性别,1@int
1292,性别,1@int
1293,性别,2@int
1294,性别,1@int
1295,性别,1@int
1296,性别,1@int
1297,性别,2@int
1298,性别,2@int
1299,性别,2@int
1300,性别,1@int
1301,性别,1@int
1302,性别,2@int
1303,性别,1@int
1304,性别,2@int
1305,性别,1@int
1306,性别,2@int
1307,性别,2@int
1308,性别,1@int
1309,性别,1@int
1310,性别,2@int
1311,性别,2@int
1312,性别,1@int
1313,性别,1@int
1314,性别,2@int
1315,性别,2@int
1316,性别,2@int
1317,性别,1@int
1318,性别,2@int
1319,性别,1@int
1320,性别,2@int
1321,性别,1@int
1322,性别,2@int
1323,性别,1@int
1324,性别,2@int
1325,性别,2@int
1326,性别,1@int
1327,性别,1@int
1328,性别,1@int
1329,性别,1@int
1330,性别,2@int
1331,性别,2@int
1332,性别,1@int
1333,性别,2@int
1334,性别,1@int
1335,性别,2@int
1336,性别,2@int
1337,性别,1@int
1338,性别,2@int
1339,性别,1@int
1340,性别,1@int
1341,性别,2@int
1342,性别,1@int
1343,性别,2@int
1344,性别,1@int
1345,性别,2@int
1346,性别,2@int
1347,性别,1@int
1348,性别,1@int
1349,性别,2@int
1350,性别,1@int
1351,性别,1@int
1352,性别,1@int
1353,性别,1@int
1354,性别,1@int
1355,性别,1@int
1356,性别,1@int
1357,性别,1@int
1358,性别,1@int
1359,性别,1@int
1360,性别,1@int
1361,性别,1@int
1362,性别,1@int
1363,性别,1@int
1364,性别,1@int
1365,性别,2@int
1366,性别,2@int
1367,性别,1@int
1368,性别,1@int
1369,性别,2@int
1370,性别,1@int
1371,性别,2@int
1372,性别,1@int
1373,性别,2@int
1374,性别,1@int
1375,性别,1@int
1376,性别,1@int
1377,性别,1@int
1378,性别,2@int
1379,性别,2@int
1380,性别,1@int
1381,性别,1@int
1382,性别,2@int
1383,性别,1@int
1384,性别,2@int
1385,性别,1@int
1386,性别,1@int
1387,性别,1@int
1388,性别,2@int
1389,性别,2@int
1390,性别,2@int
1391,性别,1@int
1392,性别,2@int
1393,性别,1@int
1394,性别,1@int
1395,性别,2@int
1396,性别,1@int
1397,性别,1@int
1398,性别,1@int
1399,性别,1@int
1400,性别,2@int
1401,性别,2@int
1402,性别,2@int
1403,性别,1@int
1404,性别,1@int
1405,性别,1@int
1406,性别,2@int
1407,性别,2@int
1408,性别,2@int
1409,性别,2@int
1410,性别,1@int
1411,性别,1@int
1412,性别,1@int
1413,性别,1@int
1414,性别,1@int
1415,性别,1@int
1416,性别,1@int
1417,性别,1@int
1418,性别,1@int
1419,性别,1@int
1420,性别,1@int
1421,性别,2@int
1422,性别,2@int
1423,性别,1@int
1424,性别,2@int
1425,性别,1@int
1426,性别,1@int
1427,性别,2@int
1428,性别,1@int
1429,性别,2@int
1430,性别,2@int
1431,性别,2@int
1432,性别,2@int
1433,性别,2@int
1434,性别,2@int
1435,性别,1@int
1436,性别,2@int
1437,性别,1@int
1438,性别,1@int
1439,性别,2@int
1440,性别,2@int
1441,性别,1@int
1442,性别,1@int
1443,性别,1@int
1444,性别,2@int
1445,性别,1@int
1446,性别,1@int
1447,性别,2@int
1448,性别,1@int
1449,性别,1@int
1450,性别,2@int
1451,性别,2@int
1452,性别,1@int
1453,性别,1@int
1454,性别,1@int
1455,性别,2@int
1456,性别,1@int
1457,性别,1@int
1458,性别,1@int
1459,性别,1@int
1460,性别,1@int
1461,性别,2@int
1462,性别,1@int
1463,性别,2@int
1464,性别,1@int
1465,性别,2@int
1466,性别,1@int
1467,性别,2@int
1468,性别,1@int
1469,性别,2@int
1470,性别,1@int
1471,性别,1@int
1472,性别,2@int
1473,性别,1@int
1474,性别,1@int
1475,性别,2@int
1476,性别,2@int
1477,性别,1@int
1478,性别,1@int
1479,性别,2@int
1480,性别,1@int
1481,性别,2@int
1482,性别,2@int
1483,性别,2@int
1484,性别,1@int
1485,性别,1@int
1486,性别,2@int
1487,性别,2@int
1488,性别,1@int
1489,性别,1@int
1490,性别,2@int
1491,性别,1@int
1492,性别,2@int
1493,性别,1@int
1494,性别,1@int
1495,性别,2@int
1496,性别,2@int
1497,性别,2@int
1498,性别,1@int
1499,性别,1@int
1500,性别,2@int
1501,性别,2@int
1502,性别,2@int
1503,性别,1@int
1504,性别,2@int
1505,性别,1@int
1506,性别,1@int
1507,性别,2@int
1508,性别,1@int
1509,性别,2@int
1510,性别,2@int
1511,性别,1@int
1512,性别,1@int
1513,性别,1@int
1514,性别,1@int
1515,性别,1@int
1516,性别,2@int
1517,性别,1@int
1518,性别,2@int
1519,性别,1@int
1520,性别,1@int
1521,性别,1@int
1522,性别,1@int
1523,性别,2@int
1524,性别,2@int
1525,性别,2@int
1526,性别,2@int
1527,性别,1@int
1528,性别,1@int
1529,性别,1@int
1530,性别,2@int
1531,性别,2@int
1532,性别,2@int
1533,性别,2@int
1534,性别,1@int
1535,性别,2@int
1536,性别,2@int
1537,性别,1@int
1538,性别,2@int
1539,性别,2@int
1540,性别,2@int
1541,性别,2@int
1542,性别,2@int
1543,性别,1@int
1544,性别,1@int
1545,性别,2@int
1546,性别,1@int
1547,性别,2@int
1548,性别,2@int
1549,性别,2@int
1550,性别,2@int
1551,性别,2@int
1552,性别,1@int
1553,性别,1@int
1554,性别,2@int
1555,性别,1@int
1556,性别,2@int
1557,性别,2@int
1558,性别,1@int
1559,性别,1@int
1560,性别,1@int
1561,性别,1@int
1562,性别,2@int
1563,性别,1@int
1564,性别,1@int
1565,性别,2@int
1566,性别,2@int
1567,性别,2@int
1568,性别,2@int
1569,性别,2@int
1570,性别,1@int
1571,性别,1@int
1572,性别,1@int
1573,性别,1@int
1574,性别,1@int
1575,性别,2@int
1576,性别,1@int
1577,性别,1@int
1578,性别,1@int
1579,性别,1@int
1580,性别,1@int
1581,性别,1@int
1582,性别,1@int
1583,性别,2@int
1584,性别,1@int
1585,性别,1@int
1586,性别,1@int
1587,性别,1@int
1588,性别,1@int
1589,性别,1@int
1590,性别,1@int
1591,性别,1@int
1592,性别,1@int
1593,性别,1@int
1594,性别,1@int
1595,性别,1@int
1596,性别,1@int
1597,性别,2@int
1598,性别,1@int
1599,性别,1@int
1600,性别,1@int
1601,性别,1@int
1602,性别,2@int
1603,性别,1@int
1604,性别,1@int
1605,性别,1@int
1606,性别,2@int
1607,性别,1@int
1608,性别,1@int
1609,性别,1@int
1610,性别,2@int
1611,性别,1@int
1612,性别,1@int
1613,性别,2@int
1614,性别,1@int
1615,性别,2@int
1616,性别,1@int
1617,性别,1@int
1618,性别,2@int
1619,性别,1@int
1620,性别,1@int
1621,性别,2@int
1622,性别,1@int
1623,性别,2@int
1624,性别,1@int
1625,性别,1@int
1626,性别,1@int
1627,性别,1@int
1628,性别,1@int
1629,性别,1@int
1630,性别,1@int
1631,性别,2@int
1632,性别,1@int
1633,性别,1@int
1634,性别,1@int
1635,性别,2@int
1636,性别,2@int
1637,性别,1@int
1638,性别,1@int
1639,性别,2@int
1640,性别,1@int
1641,性别,1@int
1642,性别,1@int
1643,性别,1@int
1644,性别,1@int
1645,性别,2@int
1646,性别,2@int
1647,性别,2@int
1648,性别,2@int
1649,性别,1@int
1650,性别,1@int
1651,性别,2@int
1652,性别,2@int
1653,性别,1@int
1654,性别,1@int
1655,性别,1@int
1656,性别,2@int
1657,性别,1@int
1658,性别,2@int
1659,性别,2@int
1660,性别,1@int
1661,性别,1@int
1662,性别,1@int
1663,性别,2@int
1664,性别,1@int
1665,性别,2@int
1666,性别,2@int
1667,性别,2@int
1668,性别,2@int
1669,性别,1@int
1670,性别,1@int
1671,性别,1@int
1672,性别,1@int
1673,性别,1@int
1674,性别,1@int
1675,性别,2@int
1676,性别,1@int
1677,性别,1@int
1678,性别,2@int
1679,性别,1@int
1680,性别,1@int
1681,性别,1@int
1682,性别,2@int
1683,性别,1@int
1684,性别,1@int
1685,性别,1@int
1686,性别,2@int
1687,性别,1@int
1688,性别,2@int
1689,性别,2@int
1690,性别,1@int
1691,性别,1@int
1692,性别,1@int
1693,性别,1@int
1694,性别,2@int
1695,性别,1@int
1696,性别,2@int
1697,性别,1@int
1698,性别,2@int
1699,性别,2@int
1700,性别,1@int
1701,性别,1@int
1702,性别,1@int
1703,性别,1@int
1704,性别,1@int
1705,性别,2@int
1706,性别,2@int
1707,性别,2@int
1708,性别,1@int
1709,性别,1@int
1710,性别,1@int
1711,性别,1@int
1712,性别,1@int
1713,性别,1@int
1714,性别,1@int
1715,性别,2@int
1716,性别,2@int
1717,性别,1@int
1718,性别,1@int
1719,性别,2@int
1720,性别,2@int
1721,性别,1@int
1722,性别,2@int
1723,性别,2@int
1724,性别,1@int
1725,性别,1@int
1726,性别,1@int
1727,性别,1@int
1728,性别,2@int
1729,性别,2@int
1730,性别,1@int
1731,性别,1@int
1732,性别,2@int
1733,性别,2@int
1734,性别,1@int
1735,性别,2@int
1736,性别,1@int
1737,性别,1@int
1738,性别,1@int
1739,性别,2@int
1740,性别,1@int
1741,性别,2@int
1742,性别,2@int
1743,性别,1@int
1744,性别,2@int
1745,性别,1@int
1746,性别,2@int
1747,性别,2@int
1748,性别,1@int
1749,性别,1@int
1750,性别,1@int
1751,性别,1@int
1752,性别,2@int
1753,性别,1@int
1754,性别,2@int
1755,性别,1@int
1756,性别,2@int
1757,性别,2@int
1758,性别,2@int
1759,性别,2@int
1760,性别,2@int
1761,性别,2@int
1762,性别,1@int
1763,性别,1@int
1764,性别,1@int
1765,性别,1@int
1766,性别,1@int
1767,性别,1@int
1768,性别,1@int
1769,性别,1@int
1770,性别,2@int
1771,性别,2@int
1772,性别,2@int
1773,性别,1@int
1774,性别,2@int
1775,性别,1@int
1776,性别,1@int
1777,性别,2@int
1778,性别,2@int
1779,性别,1@int
1780,性别,2@int
1781,性别,1@int
1782,性别,2@int
1783,性别,1@int
1784,性别,1@int
1785,性别,1@int
1786,性别,1@int
1787,性别,1@int
1788,性别,1@int
1789,性别,1@int
1790,性别,1@int
1791,性别,1@int
1792,性别,1@int
1793,性别,2@int
1794,性别,2@int
1795,性别,1@int
1796,性别,2@int
1797,性别,2@int
1798,性别,2@int
1799,性别,1@int
1800,性别,1@int
1801,性别,1@int
1802,性别,1@int
1803,性别,2@int
1804,性别,2@int
1805,性别,2@int
1806,性别,2@int
1807,性别,2@int
1808,性别,2@int
1809,性别,1@int
1810,性别,1@int
1811,性别,1@int
1812,性别,1@int
1813,性别,2@int
1814,性别,1@int
1815,性别,1@int
1816,性别,1@int
1817,性别,2@int
1818,性别,1@int
1819,性别,2@int
1820,性别,1@int
1821,性别,1@int
1822,性别,1@int
1823,性别,1@int
1824,性别,1@int
1825,性别,1@int
1826,性别,2@int
1827,性别,1@int
1828,性别,2@int
1829,性别,1@int
1830,性别,1@int
1831,性别,2@int
1832,性别,1@int
1833,性别,1@int
1834,性别,1@int
1835,性别,1@int
1836,性别,1@int
1837,性别,1@int
1838,性别,1@int
1839,性别,1@int
1840,性别,1@int
1841,性别,2@int
1842,性别,1@int
1843,性别,2@int
1844,性别,1@int
1845,性别,1@int
1846,性别,1@int
1847,性别,1@int
1848,性别,1@int
1849,性别,1@int
1850,性别,1@int
1851,性别,2@int
1852,性别,2@int
1853,性别,2@int
1854,性别,1@int
1855,性别,2@int
1856,性别,1@int
1857,性别,1@int
1858,性别,1@int
1859,性别,1@int
1860,性别,1@int
1861,性别,1@int
1862,性别,1@int
1863,性别,1@int
1864,性别,1@int
1865,性别,1@int
1866,性别,2@int
1867,性别,1@int
1868,性别,1@int
1869,性别,2@int
1870,性别,1@int
1871,性别,1@int
1872,性别,2@int
1873,性别,2@int
1874,性别,2@int
1875,性别,1@int
1876,性别,1@int
1877,性别,2@int
1878,性别,2@int
1879,性别,2@int
1880,性别,2@int
1881,性别,1@int
1882,性别,1@int
1883,性别,1@int
1884,性别,1@int
1885,性别,2@int
1886,性别,2@int
1887,性别,1@int
1888,性别,1@int
1889,性别,2@int
1890,性别,2@int
1891,性别,1@int
1892,性别,1@int
1893,性别,1@int
1894,性别,1@int
1895,性别,2@int
1896,性别,1@int
1897,性别,1@int
1898,性别,1@int
1899,性别,2@int
1900,性别,1@int
1901,性别,1@int
1902,性别,2@int
1903,性别,2@int
1904,性别,2@int
1905,性别,1@int
1906,性别,2@int
1907,性别,1@int
1908,性别,1@int
1909,性别,1@int
1910,性别,1@int
1911,性别,2@int
1912,性别,1@int
1913,性别,1@int
1914,性别,2@int
1915,性别,1@int
1916,性别,1@int
1917,性别,2@int
1918,性别,2@int
1919,性别,1@int
1920,性别,1@int
1921,性别,2@int
1922,性别,1@int
1923,性别,1@int
1924,性别,2@int
1925,性别,1@int
1926,性别,2@int
1927,性别,1@int
1928,性别,2@int
1929,性别,1@int
1930,性别,1@int
1931,性别,1@int
1932,性别,1@int
1933,性别,2@int
1934,性别,1@int
1935,性别,2@int
1936,性别,1@int
1937,性别,2@int
1938,性别,1@int
1939,性别,2@int
1940,性别,2@int
1941,性别,1@int
1942,性别,1@int
1943,性别,1@int
1944,性别,1@int
1945,性别,1@int
1946,性别,1@int
1947,性别,2@int
1948,性别,1@int
1949,性别,1@int
1950,性别,2@int
1951,性别,2@int
1952,性别,1@int
1953,性别,2@int
1954,性别,1@int
1955,性别,1@int
1956,性别,2@int
1957,性别,1@int
1958,性别,1@int
1959,性别,1@int
1960,性别,1@int
1961,性别,1@int
1962,性别,2@int
1963,性别,2@int
1964,性别,1@int
1965,性别,1@int
1966,性别,2@int
1967,性别,2@int
1968,性别,2@int
1969,性别,2@int
1970,性别,1@int
1971,性别,2@int
1972,性别,2@int
1973,性别,1@int
1974,性别,2@int
1975,性别,1@int
1976,性别,2@int
1977,性别,2@int
1978,性别,1@int
1979,性别,2@int
1980,性别,1@int
1981,性别,1@int
1982,性别,1@int
1983,性别,1@int
1984,性别,2@int
1985,性别,2@int
1986,性别,1@int
1987,性别,1@int
1988,性别,2@int
1989,性别,2@int
1990,性别,1@int
1991,性别,2@int
1992,性别,1@int
1993,性别,1@int
1994,性别,1@int
1995,性别,2@int
1996,性别,1@int
1997,性别,1@int
1998,性别,1@int
1999,性别,2@int
2000,性别,1@int
2001,性别,1@int
2002,性别,1@int
2003,性别,1@int
2004,性别,2@int
2005,性别,1@int
2006,性别,1@int
2007,性别,2@int
2008,性别,2@int
2009,性别,1@int
2010,性别,1@int
2011,性别,1@int
2012,性别,1@int
2013,性别,2@int
2014,性别,1@int
2015,性别,2@int
2016,性别,2@int
2017,性别,1@int
2018,性别,1@int
2019,性别,2@int
2020,性别,1@int
2021,性别,1@int
2022,性别,2@int
2023,性别,2@int
2024,性别,2@int
2025,性别,1@int
2026,性别,2@int
2027,性别,2@int
2028,性别,1@int
2029,性别,2@int
2030,性别,2@int
2031,性别,1@int
2032,性别,2@int
2033,性别,1@int
2034,性别,1@int
2035,性别,2@int
2036,性别,1@int
2037,性别,1@int
2038,性别,1@int
2039,性别,2@int
2040,性别,1@int
2041,性别,1@int
2042,性别,1@int
2043,性别,2@int
2044,性别,2@int
2045,性别,2@int
2046,性别,1@int
2047,性别,1@int
2048,性别,1@int
2049,性别,2@int
2050,性别,1@int
2051,性别,2@int
2052,性别,1@int
2053,性别,1@int
2054,性别,1@int
2055,性别,2@int
2056,性别,1@int
2057,性别,2@int
2058,性别,2@int
2059,性别,1@int
2060,性别,2@int
2061,性别,1@int
2062,性别,1@int
2063,性别,2@int
2064,性别,1@int
2065,性别,2@int
2066,性别,1@int
2067,性别,1@int
2068,性别,2@int
2069,性别,1@int
2070,性别,2@int
2071,性别,1@int
2072,性别,1@int
2073,性别,1@int
2074,性别,1@int
2075,性别,1@int
2076,性别,2@int
2077,性别,2@int
2078,性别,1@int
2079,性别,1@int
2080,性别,1@int
2081,性别,1@int
2082,性别,1@int
2083,性别,1@int
2084,性别,2@int
2085,性别,2@int
2086,性别,1@int
2087,性别,2@int
2088,性别,1@int
2089,性别,1@int
2090,性别,1@int
2091,性别,2@int
2092,性别,2@int
2093,性别,2@int
2094,性别,1@int
2095,性别,1@int
2096,性别,1@int
2097,性别,1@int
2098,性别,1@int
2099,性别,1@int
2100,性别,1@int
2101,性别,1@int
2102,性别,1@int
2103,性别,1@int
2104,性别,2@int
2105,性别,1@int
2106,性别,1@int
2107,性别,1@int
2108,性别,2@int
2109,性别,2@int
2110,性别,1@int
2111,性别,2@int
2112,性别,2@int
2113,性别,2@int
2114,性别,2@int
2115,性别,2@int
2116,性别,1@int
2117,性别,1@int
2118,性别,2@int
2119,性别,1@int
2120,性别,1@int
2121,性别,2@int
2122,性别,1@int
2123,性别,1@int
2124,性别,1@int
2125,性别,2@int
2126,性别,1@int
2127,性别,1@int
2128,性别,2@int
2129,性别,1@int
2130,性别,1@int
2131,性别,2@int
2132,性别,1@int
2133,性别,1@int
2134,性别,1@int
2135,性别,1@int
2136,性别,2@int
2137,性别,2@int
2138,性别,2@int
2139,性别,1@int
2140,性别,1@int
2141,性别,2@int
2142,性别,2@int
2143,性别,1@int
2144,性别,1@int
2145,性别,2@int
2146,性别,2@int
2147,性别,1@int
2148,性别,1@int
2149,性别,2@int
2150,性别,2@int
2151,性别,2@int
2152,性别,1@int
2153,性别,1@int
2154,性别,1@int
2155,性别,2@int
2156,性别,1@int
2157,性别,1@int
2158,性别,2@int
2159,性别,1@int
2160,性别,1@int
2161,性别,1@int
2162,性别,1@int
2163,性别,2@int
2164,性别,2@int
2165,性别,1@int
2166,性别,1@int
2167,性别,1@int
2168,性别,2@int
2169,性别,2@int
2170,性别,2@int
2171,性别,1@int
2172,性别,1@int
2173,性别,1@int
2174,性别,2@int
2175,性别,1@int
2176,性别,1@int
2177,性别,1@int
2178,性别,1@int
2179,性别,2@int
2180,性别,1@int
2181,性别,1@int
2182,性别,2@int
2183,性别,1@int
2184,性别,2@int
2185,性别,2@int
2186,性别,1@int
2187,性别,2@int
2188,性别,2@int
2189,性别,1@int
2190,性别,1@int
2191,性别,1@int
2192,性别,1@int
2193,性别,1@int
2194,性别,2@int
2195,性别,1@int
2196,性别,1@int
2197,性别,1@int
2198,性别,2@int
2199,性别,2@int
2200,性别,2@int
2201,性别,1@int
2202,性别,1@int
2203,性别,1@int
2204,性别,1@int
2205,性别,1@int
2206,性别,1@int
2207,性别,2@int
2208,性别,1@int
2209,性别,1@int
2210,性别,1@int
2211,性别,1@int
2212,性别,2@int
2213,性别,1@int
2214,性别,2@int
2215,性别,1@int
2216,性别,2@int
2217,性别,1@int
2218,性别,1@int
2219,性别,2@int
2220,性别,1@int
2221,性别,1@int
2222,性别,2@int
2223,性别,2@int
2224,性别,2@int
2225,性别,1@int
2226,性别,1@int
2227,性别,1@int
2228,性别,1@int
2229,性别,2@int
2230,性别,1@int
2231,性别,1@int
2232,性别,1@int
2233,性别,2@int
2234,性别,1@int
2235,性别,1@int
2236,性别,1@int
2237,性别,2@int
2238,性别,1@int
2239,性别,1@int
2240,性别,1@int
2241,性别,2@int
2242,性别,1@int
2243,性别,2@int
2244,性别,2@int
2245,性别,2@int
2246,性别,1@int
2247,性别,2@int
2248,性别,2@int
2249,性别,2@int
2250,性别,1@int
2251,性别,2@int
2252,性别,1@int
2253,性别,2@int
2254,性别,1@int
2255,性别,2@int
2256,性别,2@int
2257,性别,2@int
2258,性别,1@int
2259,性别,2@int
2260,性别,1@int
2261,性别,1@int
2262,性别,2@int
2263,性别,1@int
2264,性别,1@int
2265,性别,2@int
2266,性别,1@int
2267,性别,1@int
2268,性别,1@int
2269,性别,1@int
2270,性别,1@int
2271,性别,1@int
2272,性别,1@int
2273,性别,2@int
2274,性别,1@int
2275,性别,1@int
2276,性别,1@int
2277,性别,2@int
2278,性别,1@int
2279,性别,2@int
2280,性别,2@int
2281,性别,1@int
2282,性别,1@int
2283,性别,1@int
2284,性别,2@int
2285,性别,1@int
2286,性别,2@int
2287,性别,1@int
2288,性别,2@int
2289,性别,1@int
2290,性别,1@int
2291,性别,1@int
2292,性别,1@int
2293,性别,2@int
2294,性别,1@int
2295,性别,1@int
2296,性别,1@int
2297,性别,1@int
2298,性别,1@int
2299,性别,1@int
2300,性别,1@int
2301,性别,1@int
2302,性别,2@int
2303,性别,1@int
2304,性别,2@int
2305,性别,1@int
2306,性别,2@int
2307,性别,1@int
2308,性别,2@int
2309,性别,1@int
2310,性别,2@int
2311,性别,1@int
2312,性别,2@int
2313,性别,2@int
2314,性别,2@int
2315,性别,1@int
2316,性别,1@int
2317,性别,1@int
2318,性别,1@int
2319,性别,1@int
2320,性别,1@int
2321,性别,1@int
2322,性别,1@int
2323,性别,1@int
2324,性别,1@int
2325,性别,1@int
2326,性别,1@int
2327,性别,1@int
2328,性别,2@int
2329,性别,1@int
2330,性别,2@int
2331,性别,2@int
2332,性别,1@int
2333,性别,1@int
2334,性别,1@int
2335,性别,1@int
2336,性别,1@int
2337,性别,1@int
2338,性别,1@int
2339,性别,2@int
2340,性别,1@int
2341,性别,2@int
2342,性别,1@int
2343,性别,1@int
2344,性别,1@int
2345,性别,2@int
2346,性别,2@int
2347,性别,1@int
2348,性别,1@int
2349,性别,1@int
2350,性别,2@int
2351,性别,1@int
2352,性别,2@int
2353,性别,1@int
2354,性别,2@int
2355,性别,1@int
2356,性别,2@int
2357,性别,1@int
2358,性别,2@int
2359,性别,2@int
2360,性别,2@int
2361,性别,1@int
2362,性别,1@int
2363,性别,1@int
2364,性别,1@int
2365,性别,2@int
2366,性别,2@int
2367,性别,1@int
2368,性别,2@int
2369,性别,1@int
2370,性别,2@int
2371,性别,1@int
2372,性别,2@int
2373,性别,1@int
2374,性别,1@int
2375,性别,2@int
2376,性别,2@int
2377,性别,1@int
2378,性别,1@int
2379,性别,1@int
2380,性别,1@int
2381,性别,2@int
2382,性别,2@int
2383,性别,2@int
2384,性别,2@int
2385,性别,1@int
2386,性别,1@int
2387,性别,1@int
2388,性别,1@int
2389,性别,1@int
2390,性别,1@int
2391,性别,2@int
2392,性别,1@int
2393,性别,1@int
2394,性别,1@int
2395,性别,1@int
2396,性别,1@int
2397,性别,1@int
2398,性别,1@int
2399,性别,1@int
2400,性别,1@int
2401,性别,2@int
2402,性别,1@int
2403,性别,2@int
2404,性别,2@int
2405,性别,1@int
2406,性别,2@int
2407,性别,1@int
2408,性别,1@int
2409,性别,2@int
2410,性别,1@int
2411,性别,1@int
2412,性别,2@int
2413,性别,2@int
2414,性别,2@int
2415,性别,1@int
2416,性别,1@int
2417,性别,1@int
2418,性别,1@int
2419,性别,1@int
2420,性别,2@int
2421,性别,2@int
2422,性别,1@int
2423,性别,1@int
2424,性别,1@int
2425,性别,1@int
2426,性别,1@int
2427,性别,2@int
2428,性别,2@int
2429,性别,1@int
2430,性别,1@int
2431,性别,2@int
2432,性别,1@int
2433,性别,1@int
2434,性别,1@int
2435,性别,2@int
2436,性别,1@int
2437,性别,2@int
2438,性别,1@int
2439,性别,1@int
2440,性别,1@int
2441,性别,2@int
2442,性别,2@int
2443,性别,2@int
2444,性别,2@int
2445,性别,2@int
2446,性别,2@int
2447,性别,1@int
2448,性别,2@int
2449,性别,1@int
2450,性别,1@int
2451,性别,1@int
2452,性别,1@int
2453,性别,2@int
2454,性别,1@int
2455,性别,1@int
2456,性别,2@int
2457,性别,1@int
2458,性别,2@int
2459,性别,1@int
2460,性别,1@int
2461,性别,1@int
2462,性别,1@int
2463,性别,1@int
2464,性别,1@int
2465,性别,1@int
2466,性别,1@int
2467,性别,2@int
2468,性别,1@int
2469,性别,2@int
2470,性别,1@int
2471,性别,2@int
2472,性别,2@int
2473,性别,1@int
2474,性别,1@int
2475,性别,1@int
2476,性别,2@int
2477,性别,2@int
2478,性别,2@int
2479,性别,2@int
2480,性别,1@int
2481,性别,1@int
2482,性别,2@int
2483,性别,2@int
2484,性别,1@int
2485,性别,2@int
2486,性别,1@int
2487,性别,1@int
2488,性别,2@int
2489,性别,1@int
2490,性别,2@int
2491,性别,2@int
2492,性别,2@int
2493,性别,2@int
2494,性别,2@int
2495,性别,1@int
2496,性别,1@int
2497,性别,2@int
2498,性别,1@int
2499,性别,1@int
2500,性别,1@int
2501,性别,1@int
2502,性别,2@int
2503,性别,1@int
2504,性别,1@int
2505,性别,1@int
2506,性别,2@int
2507,性别,2@int
2508,性别,1@int
2509,性别,1@int
2510,性别,2@int
2511,性别,2@int
2512,性别,1@int
2513,性别,2@int
2514,性别,1@int
2515,性别,1@int
2516,性别,2@int
2517,性别,2@int
2518,性别,1@int
2519,性别,1@int
2520,性别,1@int
2521,性别,1@int
2522,性别,2@int
2523,性别,2@int
2524,性别,2@int
2525,性别,1@int
2526,性别,1@int
2527,性别,1@int
2528,性别,2@int
2529,性别,1@int
2530,性别,1@int
2531,性别,1@int
2532,性别,1@int
2533,性别,2@int
2534,性别,1@int
2535,性别,1@int
2536,性别,1@int
2537,性别,1@int
2538,性别,1@int
2539,性别,2@int
2540,性别,2@int
2541,性别,1@int
2542,性别,2@int
2543,性别,2@int
2544,性别,1@int
2545,性别,2@int
2546,性别,1@int
2547,性别,1@int
2548,性别,1@int
2549,性别,2@int
2550,性别,2@int
2551,性别,1@int
2552,性别,1@int
2553,性别,1@int
2554,性别,2@int
2555,性别,2@int
2556,性别,2@int
2557,性别,1@int
2558,性别,2@int
2559,性别,2@int
2560,性别,1@int
2561,性别,1@int
2562,性别,2@int
2563,性别,2@int
2564,性别,1@int
2565,性别,1@int
2566,性别,1@int
2567,性别,1@int
2568,性别,1@int
2569,性别,1@int
2570,性别,2@int
2571,性别,1@int
2572,性别,2@int
2573,性别,2@int
2574,性别,2@int
2575,性别,2@int
2576,性别,2@int
2577,性别,2@int
2578,性别,1@int
2579,性别,2@int
2580,性别,1@int
2581,性别,1@int
2582,性别,2@int
2583,性别,1@int
2584,性别,1@int
2585,性别,2@int
2586,性别,2@int
2587,性别,1@int
2588,性别,2@int
2589,性别,1@int
2590,性别,1@int
2591,性别,1@int
2592,性别,1@int
2593,性别,1@int
2594,性别,2@int
2595,性别,1@int
2596,性别,2@int
2597,性别,2@int
2598,性别,1@int
2599,性别,2@int
2600,性别,2@int
2601,性别,1@int
2602,性别,1@int
2603,性别,1@int
2604,性别,1@int
2605,性别,2@int
2606,性别,1@int
2607,性别,2@int
2608,性别,2@int
2609,性别,2@int
2610,性别,1@int
2611,性别,1@int
2612,性别,1@int
2613,性别,1@int
2614,性别,2@int
2615,性别,1@int
2616,性别,2@int
2617,性别,1@int
2618,性别,2@int
2619,性别,1@int
2620,性别,2@int
2621,性别,2@int
2622,性别,1@int
2623,性别,1@int
2624,性别,1@int
2625,性别,1@int
2626,性别,1@int
2627,性别,1@int
2628,性别,1@int
2629,性别,2@int
2630,性别,2@int
2631,性别,1@int
2632,性别,2@int
2633,性别,2@int
2634,性别,2@int
2635,性别,2@int
2636,性别,2@int
2637,性别,2@int
2638,性别,2@int
2639,性别,2@int
2640,性别,2@int
2641,性别,2@int
2642,性别,2@int
2643,性别,2@int
2644,性别,1@int
2645,性别,1@int
2646,性别,1@int
2647,性别,1@int
2648,性别,1@int
2649,性别,1@int
2650,性别,1@int
2651,性别,1@int
2652,性别,1@int
2653,性别,1@int
2654,性别,1@int
2655,性别,1@int
2656,性别,1@int
2657,性别,1@int
2658,性别,1@int
2659,性别,1@int
2660,性别,1@int
2661,性别,1@int
2662,性别,1@int
2663,性别,2@int
2664,性别,2@int
2665,性别,2@int
2666,性别,2@int
2667,性别,2@int
2668,性别,2@int
2669,性别,2@int
2670,性别,2@int
2671,性别,2@int
2672,性别,1@int
2673,性别,2@int
2674,性别,2@int
2675,性别,2@int
2676,性别,1@int
2677,性别,1@int
2678,性别,2@int
2679,性别,2@int
2680,性别,2@int
2681,性别,1@int
2682,性别,2@int
2683,性别,2@int
2684,性别,1@int
2685,性别,1@int
2686,性别,1@int
2687,性别,1@int
2688,性别,1@int
2689,性别,1@int
2690,性别,1@int
2691,性别,1@int
2692,性别,1@int
2693,性别,1@int
2694,性别,1@int
2695,性别,1@int
2696,性别,1@int
2697,性别,1@int
2698,性别,1@int
2699,性别,1@int
2700,性别,1@int
2701,性别,1@int
2702,性别,2@int
2703,性别,2@int
2704,性别,1@int
2705,性别,1@int
2706,性别,1@int
2707,性别,1@int
2708,性别,2@int
2709,性别,2@int
2710,性别,2@int
2711,性别,2@int
2712,性别,2@int
2713,性别,2@int
2714,性别,1@int
2715,性别,1@int
2716,性别,1@int
2717,性别,1@int
2718,性别,1@int
2719,性别,2@int
2720,性别,1@int
2721,性别,1@int
2722,性别,1@int
2723,性别,1@int
2724,性别,1@int
2725,性别,1@int
2726,性别,1@int
2727,性别,1@int
2728,性别,1@int
2729,性别,1@int
2730,性别,1@int
2731,性别,1@int
2732,性别,1@int
2733,性别,1@int
2734,性别,1@int
2735,性别,2@int
2736,性别,2@int
2737,性别,2@int
2738,性别,2@int
2739,性别,1@int
2740,性别,1@int
2741,性别,1@int
2742,性别,1@int
2743,性别,2@int
2744,性别,2@int
2745,性别,1@int
2746,性别,2@int
2747,性别,2@int
2748,性别,2@int
2749,性别,2@int
2750,性别,1@int
2751,性别,1@int
2752,性别,1@int
2753,性别,1@int
2754,性别,1@int
2755,性别,2@int
2756,性别,2@int
2757,性别,2@int
2758,性别,2@int
2759,性别,2@int
2760,性别,1@int
2761,性别,1@int
2762,性别,1@int
2763,性别,1@int
2764,性别,1@int
2765,性别,1@int
2766,性别,1@int
2767,性别,1@int
2768,性别,1@int
2769,性别,1@int
2770,性别,1@int
2771,性别,1@int
2772,性别,2@int
2773,性别,1@int
2774,性别,1@int
2775,性别,1@int
2776,性别,2@int
2777,性别,2@int
2778,性别,2@int
2779,性别,1@int
2780,性别,1@int
2781,性别,1@int
2782,性别,1@int
2783,性别,2@int
2784,性别,2@int
2785,性别,2@int
2786,性别,2@int
2787,性别,2@int
2788,性别,2@int
2789,性别,2@int
2790,性别,2@int
2791,性别,2@int
2792,性别,1@int
2793,性别,1@int
2794,性别,1@int
2795,性别,1@int
2796,性别,1@int
2797,性别,1@int
2798,性别,1@int
2799,性别,2@int
2800,性别,2@int
2801,性别,2@int
2802,性别,2@int
2803,性别,2@int
2804,性别,2@int
2805,性别,2@int
2806,性别,1@int
2807,性别,1@int
2808,性别,1@int
2809,性别,1@int
2810,性别,1@int
2811,性别,1@int
2812,性别,1@int
2813,性别,1@int
2814,性别,2@int
2815,性别,1@int
2816,性别,1@int
2817,性别,1@int
2818,性别,1@int
2819,性别,1@int
2820,性别,1@int
2821,性别,1@int
2822,性别,1@int
2823,性别,1@int
2824,性别,1@int
2825,性别,1@int
2826,性别,1@int
2827,性别,1@int
2828,性别,1@int
2829,性别,1@int
2830,性别,2@int
2831,性别,1@int
2832,性别,1@int
2833,性别,1@int
2834,性别,1@int
2835,性别,2@int
2836,性别,2@int
2837,性别,2@int
2838,性别,2@int
2839,性别,2@int
2840,性别,2@int
2841,性别,2@int
2842,性别,2@int
2843,性别,2@int
2844,性别,2@int
2845,性别,2@int
2846,性别,2@int
2847,性别,1@int
2848,性别,1@int
2849,性别,1@int
2850,性别,1@int
2851,性别,1@int
2852,性别,1@int
2853,性别,1@int
2854,性别,1@int
2855,性别,2@int
2856,性别,2@int
2857,性别,2@int
2858,性别,2@int
2859,性别,1@int
2860,性别,1@int
2861,性别,1@int
2862,性别,2@int
2863,性别,2@int
2864,性别,1@int
2865,性别,1@int
2866,性别,2@int
2867,性别,2@int
2868,性别,2@int
2869,性别,2@int
2870,性别,2@int
2871,性别,2@int
2872,性别,1@int
2873,性别,1@int
2874,性别,1@int
2875,性别,1@int
2876,性别,1@int
2877,性别,1@int
2878,性别,1@int
2879,性别,1@int
2880,性别,1@int
2881,性别,2@int
2882,性别,2@int
2883,性别,1@int
2884,性别,1@int
2885,性别,1@int
2886,性别,2@int
2887,性别,1@int
2888,性别,2@int
2889,性别,2@int
2890,性别,1@int
2891,性别,1@int
2892,性别,1@int
2893,性别,2@int
2894,性别,1@int
2895,性别,2@int
2896,性别,1@int
2897,性别,2@int
2898,性别,2@int
2899,性别,1@int
2900,性别,1@int
2901,性别,1@int
2902,性别,1@int
2903,性别,1@int
2904,性别,1@int
2905,性别,2@int
2906,性别,2@int
2907,性别,2@int
2908,性别,1@int
2909,性别,2@int
2910,性别,2@int
2911,性别,1@int
2912,性别,1@int
2913,性别,1@int
2914,性别,1@int
2915,性别,2@int
2916,性别,1@int
2917,性别,1@int
2918,性别,1@int
2919,性别,1@int
2920,性别,2@int
2921,性别,1@int
2922,性别,1@int
2923,性别,1@int
2924,性别,2@int
2925,性别,1@int
2926,性别,2@int
2927,性别,1@int
2928,性别,2@int
2929,性别,2@int
2930,性别,1@int
2931,性别,2@int
2932,性别,1@int
2933,性别,1@int
2934,性别,1@int
2935,性别,2@int
2936,性别,2@int
2937,性别,2@int
2938,性别,2@int
2939,性别,2@int
2940,性别,1@int
2941,性别,1@int
2942,性别,1@int
2943,性别,2@int
2944,性别,2@int
2945,性别,2@int
2946,性别,1@int
2947,性别,1@int
2948,性别,1@int
2949,性别,1@int
2950,性别,2@int
2951,性别,2@int
2952,性别,2@int
2953,性别,2@int
2954,性别,2@int
2955,性别,2@int
2956,性别,2@int
2957,性别,1@int
2958,性别,1@int
2959,性别,1@int
2960,性别,1@int
2961,性别,2@int
2962,性别,2@int
2963,性别,1@int
2964,性别,1@int
2965,性别,1@int
2966,性别,1@int
2967,性别,1@int
2968,性别,1@int
2969,性别,2@int
2970,性别,1@int
2971,性别,1@int
2972,性别,1@int
2973,性别,1@int
2974,性别,1@int
2975,性别,1@int
2976,性别,1@int
2977,性别,2@int
2978,性别,2@int
2979,性别,1@int
2980,性别,1@int
2981,性别,1@int
2982,性别,2@int
2983,性别,2@int
2984,性别,2@int
2985,性别,2@int
2986,性别,1@int
2987,性别,1@int
2988,性别,1@int
2989,性别,2@int
2990,性别,1@int
2991,性别,1@int
2992,性别,1@int
2993,性别,1@int
2994,性别,1@int
2995,性别,1@int
2996,性别,1@int
2997,性别,1@int
2998,性别,2@int
2999,性别,2@int
3000,性别,2@int
3001,性别,2@int
3002,性别,2@int
3003,性别,1@int
3004,性别,1@int
3005,性别,1@int
3006,性别,1@int
3007,性别,2@int
3008,性别,1@int
3009,性别,2@int
3010,性别,2@int
3011,性别,1@int
3012,性别,1@int
3013,性别,2@int
3014,性别,2@int
3015,性别,1@int
3016,性别,1@int
3017,性别,1@int
3018,性别,2@int
3019,性别,2@int
3020,性别,1@int
3021,性别,2@int
3022,性别,2@int
3023,性别,2@int
3024,性别,1@int
3025,性别,1@int
3026,性别,2@int
3027,性别,2@int
3028,性别,2@int
3029,性别,1@int
3030,性别,1@int
3031,性别,2@int
3032,性别,1@int
3033,性别,1@int
3034,性别,1@int
3035,性别,2@int
3036,性别,2@int
3037,性别,1@int
3038,性别,1@int
3039,性别,1@int
3040,性别,2@int
3041,性别,2@int
3042,性别,1@int
3043,性别,1@int
3044,性别,2@int
3045,性别,1@int
3046,性别,2@int
3047,性别,1@int
3048,性别,1@int
3049,性别,2@int
3050,性别,2@int
3051,性别,2@int
3052,性别,1@int
3053,性别,1@int
3054,性别,2@int
3055,性别,1@int
3056,性别,1@int
3057,性别,1@int
3058,性别,1@int
3059,性别,2@int
3060,性别,2@int
3061,性别,2@int
3062,性别,2@int
3063,性别,2@int
3064,性别,2@int
3065,性别,1@int
3066,性别,1@int
3067,性别,1@int
3068,性别,2@int
3069,性别,1@int
3070,性别,2@int
3071,性别,2@int
3072,性别,1@int
3073,性别,1@int
3074,性别,2@int
3075,性别,1@int
3076,性别,1@int
3077,性别,2@int
3078,性别,1@int
3079,性别,2@int
3080,性别,2@int
3081,性别,1@int
3082,性别,1@int
3083,性别,2@int
3084,性别,2@int
3085,性别,2@int
3086,性别,1@int
3087,性别,1@int
3088,性别,1@int
3089,性别,1@int
3090,性别,1@int
3091,性别,2@int
3092,性别,2@int
3093,性别,2@int
3094,性别,2@int
3095,性别,1@int
3096,性别,2@int
3097,性别,2@int
3098,性别,1@int
3099,性别,1@int
3100,性别,2@int
3101,性别,2@int
3102,性别,2@int
3103,性别,2@int
3104,性别,1@int
3105,性别,2@int
3106,性别,2@int
3107,性别,2@int
3108,性别,1@int
3109,性别,1@int
3110,性别,1@int
3111,性别,1@int
3112,性别,1@int
3113,性别,1@int
3114,性别,2@int
3115,性别,2@int
3116,性别,2@int
3117,性别,1@int
3118,性别,1@int
3119,性别,2@int
3120,性别,1@int
3121,性别,1@int
3122,性别,1@int
3123,性别,1@int
3124,性别,1@int
3125,性别,1@int
3126,性别,1@int
3127,性别,1@int
3128,性别,2@int
3129,性别,2@int
3130,性别,1@int
3131,性别,1@int
3132,性别,1@int
3133,性别,2@int
3134,性别,1@int
3135,性别,1@int
3136,性别,2@int
3137,性别,2@int
3138,性别,1@int
3139,性别,1@int
3140,性别,1@int
3141,性别,1@int
3142,性别,1@int
3143,性别,1@int
3144,性别,2@int
3145,性别,2@int
3146,性别,2@int
3147,性别,1@int
3148,性别,2@int
3149,性别,2@int
3150,性别,1@int
3151,性别,1@int
3152,性别,1@int
3153,性别,2@int
3154,性别,2@int
3155,性别,2@int
3156,性别,2@int
3157,性别,2@int
3158,性别,1@int
3159,性别,1@int
3160,性别,1@int
3161,性别,2@int
3162,性别,2@int
3163,性别,1@int
3164,性别,1@int
3165,性别,1@int
3166,性别,1@int
3167,性别,1@int
3168,性别,1@int
3169,性别,2@int
3170,性别,1@int
3171,性别,2@int
3172,性别,1@int
3173,性别,1@int
3174,性别,2@int
3175,性别,2@int
3176,性别,1@int
3177,性别,2@int
3178,性别,1@int
3179,性别,1@int
3180,性别,1@int
3181,性别,1@int
3182,性别,1@int
3183,性别,2@int
3184,性别,1@int
3185,性别,1@int
3186,性别,1@int
3187,性别,1@int
3188,性别,1@int
3189,性别,2@int
3190,性别,2@int
3191,性别,2@int
3192,性别,2@int
3193,性别,1@int
3194,性别,1@int
3195,性别,1@int
3196,性别,1@int
3197,性别,1@int
3198,性别,1@int
3199,性别,2@int
3200,性别,1@int
3201,性别,2@int
3202,性别,2@int
3203,性别,1@int
3204,性别,1@int
3205,性别,1@int
3206,性别,2@int
3207,性别,1@int
3208,性别,1@int
3209,性别,1@int
3210,性别,2@int
3211,性别,2@int
3212,性别,1@int
3213,性别,1@int
3214,性别,1@int
3215,性别,2@int
3216,性别,2@int
3217,性别,2@int
3218,性别,1@int
3219,性别,1@int
3220,性别,1@int
3221,性别,1@int
3222,性别,1@int
3223,性别,1@int
3224,性别,1@int
3225,性别,2@int
3226,性别,2@int
3227,性别,2@int
3228,性别,2@int
3229,性别,2@int
3230,性别,1@int
3231,性别,1@int
3232,性别,1@int
3233,性别,1@int
3234,性别,1@int
3235,性别,1@int
3236,性别,1@int
3237,性别,2@int
3238,性别,2@int
3239,性别,2@int
3240,性别,2@int
3241,性别,1@int
3242,性别,1@int
3243,性别,1@int
3244,性别,1@int
3245,性别,2@int
3246,性别,1@int
3247,性别,1@int
3248,性别,1@int
3249,性别,1@int
3250,性别,1@int
3251,性别,1@int
3252,性别,1@int
3253,性别,2@int
3254,性别,2@int
3255,性别,2@int
3256,性别,1@int
3257,性别,1@int
3258,性别,2@int
3259,性别,2@int
3260,性别,1@int
3261,性别,1@int
3262,性别,1@int
3263,性别,1@int
3264,性别,1@int
3265,性别,1@int
3266,性别,1@int
3267,性别,1@int
3268,性别,1@int
3269,性别,2@int
3270,性别,2@int
3271,性别,2@int
3272,性别,2@int
3273,性别,1@int
3274,性别,1@int
3275,性别,2@int
3276,性别,1@int
3277,性别,1@int
3278,性别,1@int
3279,性别,1@int
3280,性别,1@int
3281,性别,2@int
3282,性别,1@int
3283,性别,1@int
3284,性别,2@int
3285,性别,1@int
3286,性别,1@int
3287,性别,1@int
3288,性别,1@int
3289,性别,1@int
3290,性别,1@int
3291,性别,2@int
3292,性别,2@int
3293,性别,2@int
3294,性别,2@int
3295,性别,1@int
3296,性别,2@int
3297,性别,1@int
3298,性别,1@int
3299,性别,1@int
3300,性别,2@int
3301,性别,1@int
3302,性别,1@int
3303,性别,1@int
3304,性别,1@int
3305,性别,1@int
3306,性别,2@int
3307,性别,2@int
3308,性别,1@int
3309,性别,1@int
3310,性别,2@int
3311,性别,1@int
3312,性别,1@int
3313,性别,1@int
3314,性别,1@int
3315,性别,1@int
3316,性别,1@int
3317,性别,2@int
3318,性别,1@int
3319,性别,2@int
3320,性别,2@int
3321,性别,1@int
3322,性别,1@int
3323,性别,1@int
3324,性别,1@int
3325,性别,2@int
3326,性别,2@int
3327,性别,2@int
3328,性别,1@int
3329,性别,1@int
3330,性别,1@int
3331,性别,1@int
3332,性别,1@int
3333,性别,1@int
3334,性别,2@int
3335,性别,2@int
3336,性别,2@int
3337,性别,2@int
3338,性别,1@int
3339,性别,1@int
3340,性别,1@int
3341,性别,2@int
3342,性别,1@int
3343,性别,1@int
3344,性别,1@int
3345,性别,1@int
3346,性别,2@int
3347,性别,2@int
3348,性别,1@int
3349,性别,1@int
3350,性别,1@int
3351,性别,1@int
3352,性别,1@int
3353,性别,1@int
3354,性别,2@int
3355,性别,2@int
3356,性别,1@int
3357,性别,1@int
3358,性别,1@int
3359,性别,1@int
3360,性别,1@int
3361,性别,1@int
3362,性别,1@int
3363,性别,2@int
3364,性别,1@int
3365,性别,1@int
3366,性别,1@int
3367,性别,1@int
3368,性别,1@int
3369,性别,2@int
3370,性别,2@int
3371,性别,1@int
3372,性别,2@int
3373,性别,2@int
3374,性别,1@int
3375,性别,1@int
3376,性别,1@int
3377,性别,2@int
3378,性别,2@int
3379,性别,1@int
3380,性别,1@int
3381,性别,1@int
3382,性别,1@int
3383,性别,1@int
3384,性别,1@int
3385,性别,2@int
3386,性别,2@int
3387,性别,2@int
3388,性别,1@int
3389,性别,1@int
3390,性别,1@int
3391,性别,1@int
3392,性别,2@int
3393,性别,2@int
3394,性别,2@int
3395,性别,2@int
3396,性别,1@int
3397,性别,1@int
3398,性别,1@int
3399,性别,1@int
3400,性别,1@int
3401,性别,1@int
3402,性别,1@int
3403,性别,1@int
3404,性别,1@int
3405,性别,2@int
3406,性别,2@int
3407,性别,1@int
3408,性别,1@int
3409,性别,1@int
3410,性别,1@int
3411,性别,2@int
3412,性别,1@int
3413,性别,1@int
3414,性别,1@int
3415,性别,1@int
3416,性别,1@int
3417,性别,2@int
3418,性别,2@int
3419,性别,1@int
3420,性别,1@int
3421,性别,1@int
3422,性别,1@int
3423,性别,2@int
3424,性别,2@int
3425,性别,1@int
3426,性别,1@int
3427,性别,2@int
3428,性别,2@int
3429,性别,2@int
3430,性别,1@int
3431,性别,1@int
3432,性别,1@int
3433,性别,1@int
3434,性别,1@int
3435,性别,1@int
